Player,Price,,,,,,,
No new player Notes,75.50,,,,,,,
Christian McCaffrey Car - RB,,,,,,,,
Sun 10:00 am vs LV,,,,,,,,
No new player Notes,71.40,,,,,,,
Saquon Barkley NYG - RB,,,,,,,,
Mon 4:15 pm vs Pit,,,,,,,,
No new player Notes,63.10,,,,,,,
Ezekiel Elliott Dal - RB,,,,,,,,
Sun 5:20 pm @LAR,,,,,,,,
No new player Notes,60.70,,,,,,,
Alvin Kamara NO - RB,,,,,,,,
Sun 1:25 pm vs TB,,,,,,,,
Player Note,57.90,,,,,,,
Derrick Henry Ten - RB,,,,,,,,
Mon 7:10 pm @Den,,,,,,,,
No new player Notes,55.60,,,,,,,
Michael Thomas NO - WR,,,,,,,,
Sun 1:25 pm vs TB,,,,,,,,
Player Note,57.90,,,,,,,
Dalvin Cook Min - RB,,,,,,,,
Sun 10:00 am vs GB,,,,,,,,
No new player Notes,38.50,,,,,,,
Patrick Mahomes KC - QB,,,,,,,,
Thu 5:20 pm vs Hou,,,,,,,,
No new player Notes,48.60,,,,,,,
Davante Adams GB - WR,,,,,,,,
Sun 10:00 am @Min,,,,,,,,
Player Note,50.30,,,,,,,
Joe Mixon Cin - RB,,,,,,,,
Q,,,,,,,,
Sun 1:05 pm vs LAC,,,,,,,,
Player Note,47.00,,,,,,,
Tyreek Hill KC - WR,,,,,,,,
Q,,,,,,,,
Thu 5:20 pm vs Hou,,,,,,,,
Player Note,47.90,,,,,,,
Nick Chubb Cle - RB,,,,,,,,
Sun 10:00 am @Bal,,,,,,,,
Player Note,46.60,,,,,,,
Clyde Edwards-Helaire KC - RB,,,,,,,,
Thu 5:20 pm vs Hou,,,,,,,,
No new player Notes,43.10,,,,,,,
Julio Jones Atl - WR,,,,,,,,
Sun 10:00 am vs Sea,,,,,,,,
Player Note,36.20,,,,,,,
Lamar Jackson Bal - QB,,,,,,,,
Sun 10:00 am vs Cle,,,,,,,,
Player Note,44.50,,,,,,,
Kenyan Drake Ari - RB,,,,,,,,
Q,,,,,,,,
Sun 1:25 pm @SF,,,,,,,,
Player Note,41.60,,,,,,,
DeAndre Hopkins Ari - WR,,,,,,,,
Sun 1:25 pm @SF,,,,,,,,
No new player Notes,40.10,,,,,,,
Travis Kelce KC - TE,,,,,,,,
Thu 5:20 pm vs Hou,,,,,,,,
Player Note,43.90,,,,,,,
Josh Jacobs LV - RB,,,,,,,,
Sun 10:00 am @Car,,,,,,,,
Player Note,41.30,,,,,,,
Miles Sanders Phi - RB,,,,,,,,
Q,,,,,,,,
Sun 10:00 am @Was,,,,,,,,
No new player Notes,41.10,,,,,,,
Aaron Jones GB - RB,,,,,,,,
Sun 10:00 am @Min,,,,,,,,
New Player Note,35.50,,,,,,,
George Kittle SF - TE,,,,,,,,
Q,,,,,,,,
Sun 1:25 pm vs Ari,,,,,,,,
No new player Notes,38.20,,,,,,,
Austin Ekeler LAC - RB,,,,,,,,
Sun 1:05 pm @Cin,,,,,,,,
No new player Notes,31.80,,,,,,,
Chris Godwin TB - WR,,,,,,,,
Sun 1:25 pm @NO,,,,,,,,
No new player Notes,26.10,,,,,,,
Kenny Golladay Det - WR,,,,,,,,
Sun 10:00 am vs Chi,,,,,,,,
No new player Notes,25.90,,,,,,,
Odell Beckham Jr. Cle - WR,,,,,,,,
Sun 10:00 am @Bal,,,,,,,,
No new player Notes,25.50,,,,,,,
Mike Evans TB - WR,,,,,,,,
Sun 1:25 pm @NO,,,,,,,,
No new player Notes,24.20,,,,,,,
Allen Robinson II Chi - WR,,,,,,,,
Q,,,,,,,,
Sun 10:00 am @Det,,,,,,,,
No new player Notes,23.50,,,,,,,
Adam Thielen Min - WR,,,,,,,,
Sun 10:00 am vs GB,,,,,,,,
No new player Notes,21.70,,,,,,,
James Conner Pit - RB,,,,,,,,
Mon 4:15 pm @NYG,,,,,,,,
Player Note,22.40,,,,,,,
Todd Gurley II Atl - RB,,,,,,,,
Sun 10:00 am vs Sea,,,,,,,,
Player Note,21.90,,,,,,,
Melvin Gordon III Den - RB,,,,,,,,
Mon 7:10 pm vs Ten,,,,,,,,
Player Note,22.90,,,,,,,
Chris Carson Sea - RB,,,,,,,,
Sun 10:00 am @Atl,,,,,,,,
No new player Notes,20.30,,,,,,,
JuJu Smith-Schuster Pit - WR,,,,,,,,
Mon 4:15 pm @NYG,,,,,,,,
No new player Notes,19.50,,,,,,,
Mark Andrews Bal - TE,,,,,,,,
Sun 10:00 am vs Cle,,,,,,,,
No new player Notes,17.70,,,,,,,
Amari Cooper Dal - WR,,,,,,,,
Sun 5:20 pm @LAR,,,,,,,,
No new player Notes,20.60,,,,,,,
Jonathan Taylor Ind - RB,,,,,,,,
Sun 10:00 am @Jax,,,,,,,,
No new player Notes,17.40,,,,,,,
A.J. Brown Ten - WR,,,,,,,,
Q,,,,,,,,
Mon 7:10 pm @Den,,,,,,,,
Player Note,19.50,,,,,,,
DJ Moore Car - WR,,,,,,,,
Sun 10:00 am vs LV,,,,,,,,
No new player Notes,14.60,,,,,,,
Mark Ingram II Bal - RB,,,,,,,,
Sun 10:00 am vs Cle,,,,,,,,
No new player Notes,17.20,,,,,,,
Leonard Fournette Jax - RB,,,,,,,,
Sun 10:00 am vs Ind,,,,,,,,
Player Note,11.30,,,,,,,
Russell Wilson Sea - QB,,,,,,,,
Sun 10:00 am @Atl,,,,,,,,
No new player Notes,12.20,,,,,,,
Dak Prescott Dal - QB,,,,,,,,
Sun 5:20 pm @LAR,,,,,,,,
No new player Notes,13.80,,,,,,,
Cooper Kupp LAR - WR,,,,,,,,
Sun 5:20 pm vs Dal,,,,,,,,
New Player Note,15.90,,,,,,,
Le'Veon Bell NYJ - RB,,,,,,,,
Sun 10:00 am @Buf,,,,,,,,
Player Note,13.70,,,,,,,
Zach Ertz Phi - TE,,,,,,,,
Sun 10:00 am @Was,,,,,,,,
Player Note,11.80,,,,,,,
Calvin Ridley Atl - WR,,,,,,,,
Sun 10:00 am vs Sea,,,,,,,,
No new player Notes,10.50,,,,,,,
Kyler Murray Ari - QB,,,,,,,,
Sun 1:25 pm @SF,,,,,,,,
No new player Notes,8.90,,,,,,,
Tyler Lockett Sea - WR,,,,,,,,
Sun 10:00 am @Atl,,,,,,,,
No new player Notes,9.80,,,,,,,
Terry McLaurin Was - WR,,,,,,,,
Sun 10:00 am vs Phi,,,,,,,,
Name,Avg Salary,,,,,,,
No new player Notes,12.20,,,,,,,
Raheem Mostert SF - RB,,,,,,,,
Sun 1:25 pm vs Ari,,,,,,,,
No new player Notes,8.60,,,,,,,
Deshaun Watson Hou - QB,,,,,,,,
Thu 5:20 pm @KC,,,,,,,,
Player Note,9.70,,,,,,,
Courtland Sutton Den - WR,,,,,,,,
Mon 7:10 pm vs Ten,,,,,,,,
No new player Notes,9.50,,,,,,,
DK Metcalf Sea - WR,,,,,,,,
Sun 10:00 am @Atl,,,,,,,,
No new player Notes,9.70,,,,,,,
DJ Chark Jr. Jax - WR,,,,,,,,
Sun 10:00 am vs Ind,,,,,,,,
Player Note,11.90,,,,,,,
Devin Singletary Buf - RB,,,,,,,,
Sun 10:00 am vs NYJ,,,,,,,,
No new player Notes,8.80,,,,,,,
Darren Waller LV - TE,,,,,,,,
Sun 10:00 am @Car,,,,,,,,
Player Note,11.50,,,,,,,
David Montgomery Chi - RB,,,,,,,,
Q,,,,,,,,
Sun 10:00 am @Det,,,,,,,,
No new player Notes,13.00,,,,,,,
David Johnson Hou - RB,,,,,,,,
Thu 5:20 pm @KC,,,,,,,,
No new player Notes,8.00,,,,,,,
Keenan Allen LAC - WR,,,,,,,,
Sun 1:05 pm @Cin,,,,,,,,
Player Note,7.80,,,,,,,
DeVante Parker Mia - WR,,,,,,,,
Sun 10:00 am @NE,,,,,,,,
New Player Note,9.10,,,,,,,
D'Andre Swift Det - RB,,,,,,,,
Q,,,,,,,,
Sun 10:00 am vs Chi,,,,,,,,
No new player Notes,3.70,,,,,,,
Tyler Higbee LAR - TE,,,,,,,,
Sun 5:20 pm vs Dal,,,,,,,,
No new player Notes,9.70,,,,,,,
Robert Woods LAR - WR,,,,,,,,
Sun 5:20 pm vs Dal,,,,,,,,
No new player Notes,4.00,,,,,,,
Hunter Henry LAC - TE,,,,,,,,
Sun 1:05 pm @Cin,,,,,,,,
Player Note,4.20,,,,,,,
Josh Allen Buf - QB,,,,,,,,
Sun 10:00 am vs NYJ,,,,,,,,
No new player Notes,5.90,,,,,,,
Stefon Diggs Buf - WR,,,,,,,,
Q,,,,,,,,
Sun 10:00 am vs NYJ,,,,,,,,
No new player Notes,6.80,,,,,,,
T.Y. Hilton Ind - WR,,,,,,,,
Sun 10:00 am @Jax,,,,,,,,
No new player Notes,3.90,,,,,,,
Drew Brees NO - QB,,,,,,,,
Sun 1:25 pm vs TB,,,,,,,,
Player Note,8.60,,,,,,,
Cam Akers LAR - RB,,,,,,,,
Sun 5:20 pm vs Dal,,,,,,,,
No new player Notes,2.80,,,,,,,
Jared Cook NO - TE,,,,,,,,
Sun 1:25 pm vs TB,,,,,,,,
No new player Notes,3.20,,,,,,,
Matt Ryan Atl - QB,,,,,,,,
Sun 10:00 am vs Sea,,,,,,,,
No new player Notes,6.80,,,,,,,
Kareem Hunt Cle - RB,,,,,,,,
Sun 10:00 am @Bal,,,,,,,,
Player Note,3.70,,,,,,,
Rob Gronkowski TB - TE,,,,,,,,
Sun 1:25 pm @NO,,,,,,,,
Player Note,4.50,,,,,,,
Michael Gallup Dal - WR,,,,,,,,
Sun 5:20 pm @LAR,,,,,,,,
No new player Notes,4.30,,,,,,,
Marquise Brown Bal - WR,,,,,,,,
Sun 10:00 am vs Cle,,,,,,,,
Player Note,3.40,,,,,,,
Tom Brady TB - QB,,,,,,,,
Sun 1:25 pm @NO,,,,,,,,
Player Note,5.00,,,,,,,
A.J. Green Cin - WR,,,,,,,,
Sun 1:05 pm vs LAC,,,,,,,,
New Player Note,5.10,,,,,,,
Ronald Jones II TB - RB,,,,,,,,
Q,,,,,,,,
Sun 1:25 pm @NO,,,,,,,,
New Player Note,2.90,,,,,,,
Evan Engram NYG - TE,,,,,,,,
Mon 4:15 pm vs Pit,,,,,,,,
No new player Notes,3.60,,,,,,,
Tyler Boyd Cin - WR,,,,,,,,
Sun 1:05 pm vs LAC,,,,,,,,
No new player Notes,3.90,,,,,,,
Damien Williams KC - RB,,,,,,,,
NA,,,,,,,,
Thu 5:20 pm vs Hou,,,,,,,,
Player Note,4.70,,,,,,,
Derrius Guice Was - RB,,,,,,,,
NA,,,,,,,,
Sun 10:00 am vs Phi,,,,,,,,
No new player Notes,3.10,,,,,,,
Jarvis Landry Cle - WR,,,,,,,,
Sun 10:00 am @Bal,,,,,,,,
No new player Notes,2.80,,,,,,,
Carson Wentz Phi - QB,,,,,,,,
Sun 10:00 am @Was,,,,,,,,
Player Note,5.20,,,,,,,
J.K. Dobbins Bal - RB,,,,,,,,
Sun 10:00 am vs Cle,,,,,,,,
New Player Note,4.10,,,,,,,
Deebo Samuel SF - WR,,,,,,,,
NFI-A,,,,,,,,
Sun 1:25 pm vs Ari,,,,,,,,
No new player Notes,2.60,,,,,,,
Jordan Howard Mia - RB,,,,,,,,
Sun 10:00 am @NE,,,,,,,,
No new player Notes,2.60,,,,,,,
Aaron Rodgers GB - QB,,,,,,,,
Sun 10:00 am @Min,,,,,,,,
Player Note,2.80,,,,,,,
Will Fuller V Hou - WR,,,,,,,,
Thu 5:20 pm @KC,,,,,,,,
No new player Notes,2.30,,,,,,,
Matt Breida Mia - RB,,,,,,,,
Sun 10:00 am @NE,,,,,,,,
No new player Notes,2.40,,,,,,,
Julian Edelman NE - WR,,,,,,,,
Sun 10:00 am vs Mia,,,,,,,,
Player Note,1.90,,,,,,,
Matthew Stafford Det - QB,,,,,,,,
Sun 10:00 am vs Chi,,,,,,,,
New Player Note,2.90,,,,,,,
Sony Michel NE - RB,,,,,,,,
Sun 10:00 am vs Mia,,,,,,,,
No new player Notes,2.30,,,,,,,
Phillip Lindsay Den - RB,,,,,,,,
Mon 7:10 pm vs Ten,,,,,,,,
Player Note,2.50,,,,,,,
Hayden Hurst Atl - TE,,,,,,,,
Sun 10:00 am vs Sea,,,,,,,,
No new player Notes,2.30,,,,,,,
Marlon Mack Ind - RB,,,,,,,,
Sun 10:00 am @Jax,,,,,,,,
No new player Notes,2.00,,,,,,,
James White NE - RB,,,,,,,,
Sun 10:00 am vs Mia,,,,,,,,
Player Note,1.80,,,,,,,
Diontae Johnson Pit - WR,,,,,,,,
Q,,,,,,,,
Mon 4:15 pm @NYG,,,,,,,,
No new player Notes,1.80,,,,,,,
Austin Hooper Cle - TE,,,,,,,,
Sun 10:00 am @Bal,,,,,,,,
No new player Notes,1.50,,,,,,,
John Brown Buf - WR,,,,,,,,
Sun 10:00 am vs NYJ,,,,,,,,
No new player Notes,2.40,,,,,,,
Brandin Cooks Hou - WR,,,,,,,,
Thu 5:20 pm @KC,,,,,,,,
Player Note,2.00,,,,,,,
CeeDee Lamb Dal - WR,,,,,,,,
Sun 5:20 pm @LAR,,,,,,,,
No new player Notes,1.70,,,,,,,
Marvin Jones Jr. Det - WR,,,,,,,,
Sun 10:00 am vs Chi,,,,,,,,
No new player Notes,1.10,,,,,,,
Gardner Minshew II Jax - QB,,,,,,,,
Sun 10:00 am vs Ind,,,,,,,,
No new player Notes,1.40,,,,,,,
Darius Slayton NYG - WR,,,,,,,,
Mon 4:15 pm vs Pit,,,,,,,,
Player Note,1.60,,,,,,,
Cam Newton NE - QB,,,,,,,,
Sun 10:00 am vs Mia,,,,,,,,
No new player Notes,1.80,,,,,,,
Jerry Jeudy Den - WR,,,,,,,,
Mon 7:10 pm vs Ten,,,,,,,,
Player Note,1.80,,,,,,,
Ke'Shawn Vaughn TB - RB,,,,,,,,
Sun 1:25 pm @NO,,,,,,,,
Player Note,1.40,,,,,,,
Ben Roethlisberger Pit - QB,,,,,,,,
Mon 4:15 pm @NYG,,,,,,,,
No new player Notes,1.70,,,,,,,
Tarik Cohen Chi - RB,,,,,,,,
Sun 10:00 am @Det,,,,,,,,
No new player Notes,1.60,,,,,,,
Tevin Coleman SF - RB,,,,,,,,
Sun 1:25 pm vs Ari,,,,,,,,
No new player Notes,2.40,,,,,,,
Alexander Mattison Min - RB,,,,,,,,
Sun 10:00 am vs GB,,,,,,,,
Player Note,2.00,,,,,,,
Antonio Gibson Was - RB,,,,,,,,
Sun 10:00 am vs Phi,,,,,,,,
No new player Notes,1.60,,,,,,,
Joe Burrow Cin - QB,,,,,,,,
Sun 1:05 pm vs LAC,,,,,,,,
No new player Notes,1.50,,,,,,,
Emmanuel Sanders NO - WR,,,,,,,,
Sun 1:25 pm vs TB,,,,,,,,
Player Note,2.70,,,,,,,
Zack Moss Buf - RB,,,,,,,,
Sun 10:00 am vs NYJ,,,,,,,,
New Player Note,1.80,,,,,,,
Kerryon Johnson Det - RB,,,,,,,,
Sun 10:00 am vs Chi,,,,,,,,
No new player Notes,1.40,,,,,,,
Kyle Rudolph Min - TE,,,,,,,,
Sun 10:00 am vs GB,,,,,,,,
No new player Notes,1.50,,,,,,,
Noah Fant Den - TE,,,,,,,,
Mon 7:10 pm vs Ten,,,,,,,,
No new player Notes,1.00,,,,,,,
Jimmy Graham Chi - TE,,,,,,,,
Sun 10:00 am @Det,,,,,,,,
Player Note,1.30,,,,,,,
Derek Carr LV - QB,,,,,,,,
Sun 10:00 am @Car,,,,,,,,
No new player Notes,1.30,,,,,,,
Mike Gesicki Mia - TE,,,,,,,,
Sun 10:00 am @NE,,,,,,,,
New Player Note,1.40,,,,,,,
Darrell Henderson Jr. LAR - RB,,,,,,,,
Q,,,,,,,,
Sun 5:20 pm vs Dal,,,,,,,,
No new player Notes,1.80,,,,,,,
Latavius Murray NO - RB,,,,,,,,
Sun 1:25 pm vs TB,,,,,,,,
New Player Note,1.30,,,,,,,
Baker Mayfield Cle - QB,,,,,,,,
Sun 10:00 am @Bal,,,,,,,,
No new player Notes,1.60,,,,,,,
Jimmy Garoppolo SF - QB,,,,,,,,
Sun 1:25 pm vs Ari,,,,,,,,
No new player Notes,1.30,,,,,,,
Henry Ruggs III LV - WR,,,,,,,,
Sun 10:00 am @Car,,,,,,,,
No new player Notes,1.30,,,,,,,
Adrian Peterson Was - RB,,,,,,,,
Sun 10:00 am vs Phi,,,,,,,,
Player Note,1.90,,,,,,,
Damien Harris NE - RB,,,,,,,,
Sun 10:00 am vs Mia,,,,,,,,
New Player Note,1.60,,,,,,,
Jalen Reagor Phi - WR,,,,,,,,
Sun 10:00 am @Was,,,,,,,,
No new player Notes,1.00,,,,,,,
Teddy Bridgewater Car - QB,,,,,,,,
Sun 10:00 am vs LV,,,,,,,,
No new player Notes,1.10,,,,,,,
Larry Fitzgerald Ari - WR,,,,,,,,
Sun 1:25 pm @SF,,,,,,,,
Player Note,1.20,,,,,,,
Tua Tagovailoa Mia - QB,,,,,,,,
Sun 10:00 am @NE,,,,,,,,
Player Note,1.20,,,,,,,
O.J. Howard TB - TE,,,,,,,,
Sun 1:25 pm @NO,,,,,,,,
Player Note,1.60,,,,,,,
Mecole Hardman KC - WR,,,,,,,,
Thu 5:20 pm vs Hou,,,,,,,,
No new player Notes,1.30,,,,,,,
Jamison Crowder NYJ - WR,,,,,,,,
Sun 10:00 am @Buf,,,,,,,,
No new player Notes,1.10,,,,,,,
Philip Rivers Ind - QB,,,,,,,,
Sun 10:00 am @Jax,,,,,,,,
No new player Notes,1.20,,,,,,,
Greg Olsen Sea - TE,,,,,,,,
Sun 10:00 am @Atl,,,,,,,,
No new player Notes,1.10,,,,,,,
Sam Darnold NYJ - QB,,,,,,,,
Sun 10:00 am @Buf,,,,,,,,
No new player Notes,1.10,,,,,,,
LeSean McCoy TB - RB,,,,,,,,
Sun 1:25 pm @NO,,,,,,,,
No new player Notes,1.70,,,,,,,
Will Dissly Sea - TE,,,,,,,,
Q,,,,,,,,
Sun 10:00 am @Atl,,,,,,,,
No new player Notes,1.30,,,,,,,
Drew Lock Den - QB,,,,,,,,
Mon 7:10 pm vs Ten,,,,,,,,
Player Note,2.10,,,,,,,
Chase Edmonds Ari - RB,,,,,,,,
Sun 1:25 pm @SF,,,,,,,,
No new player Notes,1.50,,,,,,,
T.J. Hockenson Det - TE,,,,,,,,
Sun 10:00 am vs Chi,,,,,,,,
No new player Notes,1.60,,,,,,,
Tony Pollard Dal - RB,,,,,,,,
Sun 5:20 pm @LAR,,,,,,,,
Player Note,1.20,,,,,,,
Mike Williams LAC - WR,,,,,,,,
Q,,,,,,,,
Sun 1:05 pm @Cin,,,,,,,,
No new player Notes,1.70,,,,,,,
Ryan Tannehill Ten - QB,,,,,,,,
Mon 7:10 pm @Den,,,,,,,,
Player Note,1.30,,,,,,,
Justin Jefferson Min - WR,,,,,,,,
Sun 10:00 am vs GB,,,,,,,,
Player Note,1.30,,,,,,,
Daniel Jones NYG - QB,,,,,,,,
Mon 4:15 pm vs Pit,,,,,,,,
Name,Avg Salary,,,,,,,
Player Note,1.30,,,,,,,
Christian Kirk Ari - WR,,,,,,,,
Sun 1:25 pm @SF,,,,,,,,
Player Note,1.30,,,,,,,
Sammy Watkins KC - WR,,,,,,,,
Q,,,,,,,,
Thu 5:20 pm vs Hou,,,,,,,,
No new player Notes,1.30,,,,,,,
Jonnu Smith Ten - TE,,,,,,,,
Mon 7:10 pm @Den,,,,,,,,
No new player Notes,1.20,,,,,,,
DeSean Jackson Phi - WR,,,,,,,,
Sun 10:00 am @Was,,,,,,,,
No new player Notes,1.20,,,,,,,
Jared Goff LAR - QB,,,,,,,,
Sun 5:20 pm vs Dal,,,,,,,,
No new player Notes,1.10,,,,,,,
Hunter Renfrow LV - WR,,,,,,,,
Sun 10:00 am @Car,,,,,,,,
Player Note,1.20,,,,,,,
AJ Dillon GB - RB,,,,,,,,
Sun 10:00 am @Min,,,,,,,,
No new player Notes,1.00,,,,,,,
Eric Ebron Pit - TE,,,,,,,,
Q,,,,,,,,
Mon 4:15 pm @NYG,,,,,,,,
Player Note,1.10,,,,,,,
Carlos Hyde Sea - RB,,,,,,,,
Sun 10:00 am @Atl,,,,,,,,
No new player Notes,1.10,,,,,,,
Golden Tate NYG - WR,,,,,,,,
Mon 4:15 pm vs Pit,,,,,,,,
No new player Notes,1.10,,,,,,,
Kirk Cousins Min - QB,,,,,,,,
Sun 10:00 am vs GB,,,,,,,,
Player Note,1.20,,,,,,,
Duke Johnson Hou - RB,,,,,,,,
Thu 5:20 pm @KC,,,,,,,,
No new player Notes,1.20,,,,,,,
Blake Jarwin Dal - TE,,,,,,,,
Sun 5:20 pm @LAR,,,,,,,,
Player Note,1.10,,,,,,,
Sterling Shepard NYG - WR,,,,,,,,
Mon 4:15 pm vs Pit,,,,,,,,
Player Note,1.40,,,,,,,
Allen Lazard GB - WR,,,,,,,,
Sun 10:00 am @Min,,,,,,,,
Player Note,1.20,,,,,,,
Dallas Goedert Phi - TE,,,,,,,,
Sun 10:00 am @Was,,,,,,,,
Player Note,1.20,,,,,,,
Curtis Samuel Car - WR,,,,,,,,
Sun 10:00 am vs LV,,,,,,,,
Player Note,1.30,,,,,,,
Preston Williams Mia - WR,,,,,,,,
Sun 10:00 am @NE,,,,,,,,
No new player Notes,1.30,,,,,,,
Devonta Freeman Atl - RB,,,,,,,,
Sun 10:00 am vs Sea,,,,,,,,
No new player Notes,1.30,,,,,,,
Boston Scott Phi - RB,,,,,,,,
Sun 10:00 am @Was,,,,,,,,
No new player Notes,1.20,,,,,,,
Jerick McKinnon SF - RB,,,,,,,,
Sun 1:25 pm vs Ari,,,,,,,,
Player Note,1.20,,,,,,,
Michael Pittman Jr. Ind - WR,,,,,,,,
Sun 10:00 am @Jax,,,,,,,,
Player Note,1.40,,,,,,,
Brandon Aiyuk SF - WR,,,,,,,,
Q,,,,,,,,
Sun 1:25 pm vs Ari,,,,,,,,
Player Note,1.10,,,,,,,
Breshad Perriman NYJ - WR,,,,,,,,
Q,,,,,,,,
Sun 10:00 am @Buf,,,,,,,,
No new player Notes,1.20,,,,,,,
Alshon Jeffery Phi - WR,,,,,,,,
PUP-P,,,,,,,,
Sun 10:00 am @Was,,,,,,,,
No new player Notes,1.30,,,,,,,
Justin Jackson LAC - RB,,,,,,,,
Sun 1:05 pm @Cin,,,,,,,,
Player Note,1.20,,,,,,,
Anthony Miller Chi - WR,,,,,,,,
Sun 10:00 am @Det,,,,,,,,
New Player Note,1.40,,,,,,,
Antonio Brown NE - WR,,,,,,,,
NA,,,,,,,,
Sun 10:00 am vs Mia,,,,,,,,
No new player Notes,1.10,,,,,,,
Robby Anderson Car - WR,,,,,,,,
Sun 10:00 am vs LV,,,,,,,,
No new player Notes,1.10,,,,,,,
N'Keal Harry NE - WR,,,,,,,,
Sun 10:00 am vs Mia,,,,,,,,
No new player Notes,1.00,,,,,,,
Irv Smith Jr. Min - TE,,,,,,,,
Sun 10:00 am vs GB,,,,,,,,
Player Note,1.10,,,,,,,
Jack Doyle Ind - TE,,,,,,,,
Sun 10:00 am @Jax,,,,,,,,
Player Note,1.20,,,,,,,
Chris Herndon NYJ - TE,,,,,,,,
Sun 10:00 am @Buf,,,,,,,,
No new player Notes,$-,,,,,,,
Nyheim Hines Ind - RB,,,,,,,,
Sun 10:00 am @Jax,,,,,,,,
No new player Notes,$-,,,,,,,
Royce Freeman Den - RB,,,,,,,,
Mon 7:10 pm vs Ten,,,,,,,,
No new player Notes,$-,,,,,,,
Jamaal Williams GB - RB,,,,,,,,
Sun 10:00 am @Min,,,,,,,,
Player Note,$-,,,,,,,
James Washington Pit - WR,,,,,,,,
Mon 4:15 pm @NYG,,,,,,,,
Player Note,$-,,,,,,,
Benny Snell Jr. Pit - RB,,,,,,,,
Mon 4:15 pm @NYG,,,,,,,,
No new player Notes,$-,,,,,,,
Jace Sternberger GB - TE,,,,,,,,
Sun 10:00 am @Min,,,,,,,,
No new player Notes,$-,,,,,,,
Giovani Bernard Cin - RB,,,,,,,,
Sun 1:05 pm vs LAC,,,,,,,,
No new player Notes,$-,,,,,,,
DeAndre Washington KC - RB,,,,,,,,
Thu 5:20 pm vs Hou,,,,,,,,
New Player Note,$-,,,,,,,
Chris Thompson Jax - RB,,,,,,,,
Sun 10:00 am vs Ind,,,,,,,,
No new player Notes,$-,,,,,,,
Gus Edwards Bal - RB,,,,,,,,
Sun 10:00 am vs Cle,,,,,,,,
Player Note,$-,,,,,,,
Darrel Williams KC - RB,,,,,,,,
Thu 5:20 pm vs Hou,,,,,,,,
No new player Notes,$-,,,,,,,
Ito Smith Atl - RB,,,,,,,,
Sun 10:00 am vs Sea,,,,,,,,
Player Note,$-,,,,,,,
Nick Foles Chi - QB,,,,,,,,
Sun 10:00 am @Det,,,,,,,,
Player Note,$-,,,,,,,
Parris Campbell Ind - WR,,,,,,,,
Q,,,,,,,,
Sun 10:00 am @Jax,,,,,,,,
No new player Notes,$-,,,,,,,
Dwayne Haskins Jr. Was - QB,,,,,,,,
Sun 10:00 am vs Phi,,,,,,,,
Player Note,$-,,,,,,,
Jarrett Stidham NE - QB,,,,,,,,
Q,,,,,,,,
Sun 10:00 am vs Mia,,,,,,,,
No new player Notes,$-,,,,,,,
Malcolm Brown LAR - RB,,,,,,,,
Sun 5:20 pm vs Dal,,,,,,,,
No new player Notes,$-,,,,,,,
Mohamed Sanu NE - WR,,,,,,,,
Sun 10:00 am vs Mia,,,,,,,,
Player Note,$-,,,,,,,
Ryan Fitzpatrick Mia - QB,,,,,,,,
Sun 10:00 am @NE,,,,,,,,
Player Note,$-,,,,,,,
Ian Thomas Car - TE,,,,,,,,
Sun 10:00 am vs LV,,,,,,,,
Player Note,$-,,,,,,,
Dede Westbrook Jax - WR,,,,,,,,
Q,,,,,,,,
Sun 10:00 am vs Ind,,,,,,,,
No new player Notes,$-,,,,,,,
Justice Hill Bal - RB,,,,,,,,
Q,,,,,,,,
Sun 10:00 am vs Cle,,,,,,,,
No new player Notes,$-,,,,,,,
Laviska Shenault Jr. Jax - WR,,,,,,,,
Sun 10:00 am vs Ind,,,,,,,,
No new player Notes,$-,,,,,,,
Randall Cobb Hou - WR,,,,,,,,
Thu 5:20 pm @KC,,,,,,,,
Player Note,$-,,,,,,,
Denzel Mims NYJ - WR,,,,,,,,
Q,,,,,,,,
Sun 10:00 am @Buf,,,,,,,,
Player Note,$-,,,,,,,
John Ross III Cin - WR,,,,,,,,
Q,,,,,,,,
Sun 1:05 pm vs LAC,,,,,,,,
Player Note,$-,,,,,,,
Tyrell Williams LV - WR,,,,,,,,
Q,,,,,,,,
Sun 10:00 am @Car,,,,,,,,
No new player Notes,$-,,,,,,,
Dawson Knox Buf - TE,,,,,,,,
Sun 10:00 am vs NYJ,,,,,,,,
No new player Notes,$-,,,,,,,
Kenny Stills Hou - WR,,,,,,,,
Thu 5:20 pm @KC,,,,,,,,
Player Note,$-,,,,,,,
Peyton Barber Was - RB,,,,,,,,
Sun 10:00 am vs Phi,,,,,,,,
Player Note,$-,,,,,,,
Tee Higgins Cin - WR,,,,,,,,
Sun 1:05 pm vs LAC,,,,,,,,
No new player Notes,$-,,,,,,,
Corey Davis Ten - WR,,,,,,,,
Mon 7:10 pm @Den,,,,,,,,
Player Note,$-,,,,,,,
Bryan Edwards LV - WR,,,,,,,,
Sun 10:00 am @Car,,,,,,,,
No new player Notes,$-,,,,,,,
Russell Gage Atl - WR,,,,,,,,
Sun 10:00 am vs Sea,,,,,,,,
No new player Notes,$-,,,,,,,
Tyrod Taylor LAC - QB,,,,,,,,
Sun 1:05 pm @Cin,,,,,,,,
No new player Notes,$-,,,,,,,
Rashaad Penny Sea - RB,,,,,,,,
PUP-P,,,,,,,,
Sun 10:00 am @Atl,,,,,,,,
No new player Notes,$-,,,,,,,
Cole Beasley Buf - WR,,,,,,,,
Sun 10:00 am vs NYJ,,,,,,,,
No new player Notes,$-,,,,,,,
Andy Isabella Ari - WR,,,,,,,,
Sun 1:25 pm @SF,,,,,,,,
Player Note,$-,,,,,,,
Miles Boykin Bal - WR,,,,,,,,
Sun 10:00 am vs Cle,,,,,,,,
Player Note,$-,,,,,,,
Bryce Love Was - RB,,,,,,,,
Sun 10:00 am vs Phi,,,,,,,,
No new player Notes,$-,,,,,,,
Mitchell Trubisky Chi - QB,,,,,,,,
Sun 10:00 am @Det,,,,,,,,
No new player Notes,$-,,,,,,,
Marcus Mariota LV - QB,,,,,,,,
Q,,,,,,,,
Sun 10:00 am @Car,,,,,,,,
No new player Notes,$-,,,,,,,
Jameis Winston NO - QB,,,,,,,,
Sun 1:25 pm vs TB,,,,,,,,
New Player Note,$-,,,,,,,
Chris Conley Jax - WR,,,,,,,,
Sun 10:00 am vs Ind,,,,,,,,
No new player Notes,$-,,,,,,,
Gerald Everett LAR - TE,,,,,,,,
Sun 5:20 pm vs Dal,,,,,,,,
Player Note,$-,,,,,,,
Kendrick Bourne SF - WR,,,,,,,,
Sun 1:25 pm vs Ari,,,,,,,,
No new player Notes,$-,,,,,,,
Rex Burkhead NE - RB,,,,,,,,
Sun 10:00 am vs Mia,,,,,,,,
Player Note,$-,,,,,,,
Tre'Quan Smith NO - WR,,,,,,,,
Sun 1:25 pm vs TB,,,,,,,,
No new player Notes,$-,,,,,,,
Danny Amendola Det - WR,,,,,,,,
Sun 10:00 am vs Chi,,,,,,,,
No new player Notes,$-,,,,,,,
Taylor Gabriel Chi - WR,,,,,,,,
Sun 10:00 am @Det,,,,,,,,
No new player Notes,$-,,,,,,,
Darwin Thompson KC - RB,,,,,,,,
Thu 5:20 pm vs Hou,,,,,,,,
Player Note,$-,,,,,,,
David Njoku Cle - TE,,,,,,,,
Sun 10:00 am @Bal,,,,,,,,
Player Note,$-,,,,,,,
Nelson Agholor LV - WR,,,,,,,,
Sun 10:00 am @Car,,,,,,,,
No new player Notes,$-,,,,,,,
Justin Herbert LAC - QB,,,,,,,,
Sun 1:05 pm @Cin,,,,,,,,
No new player Notes,$-,,,,,,,
Taysom Hill NO - QB,,,,,,,,
Sun 1:25 pm vs TB,,,,,,,,
Player Note,$-,,,,,,,
Dion Lewis NYG - RB,,,,,,,,
Mon 4:15 pm vs Pit,,,,,,,,
Player Note,$-,,,,,,,
Auden Tate Cin - WR,,,,,,,,
Sun 1:05 pm vs LAC,,,,,,,,
No new player Notes,$-,,,,,,,
DaeSean Hamilton Den - WR,,,,,,,,
Mon 7:10 pm vs Ten,,,,,,,,
No new player Notes,$-,,,,,,,
Zach Pascal Ind - WR,,,,,,,,
Q,,,,,,,,
Sun 10:00 am @Jax,,,,,,,,
No new player Notes,$-,,,,,,,
Jaylen Samuels Pit - RB,,,,,,,,
Mon 4:15 pm @NYG,,,,,,,,
Player Note,$-,,,,,,,
JJ Arcega-Whiteside Phi - WR,,,,,,,,
Sun 10:00 am @Was,,,,,,,,
No new player Notes,$-,,,,,,,
Vance McDonald Pit - TE,,,,,,,,
Mon 4:15 pm @NYG,,,,,,,,
No new player Notes,$-,,,,,,,
David Moore Sea - WR,,,,,,,,
Q,,,,,,,,
Sun 10:00 am @Atl,,,,,,,,
No new player Notes,$-,,,,,,,
Demarcus Robinson KC - WR,,,,,,,,
Thu 5:20 pm vs Hou,,,,,,,,
Player Note,$-,,,,,,,
Marquez Valdes-Scantling GB - WR,,,,,,,,
Sun 10:00 am @Min,,,,,,,,
Player Note,$-,,,,,,,
Ryquell Armstead Jax - RB,,,,,,,,
Sun 10:00 am vs Ind,,,,,,,,
No new player Notes,$-,,,,,,,
Cameron Brate TB - TE,,,,,,,,
Sun 1:25 pm @NO,,,,,,,,
No new player Notes,$-,,,,,,,
Jalen Richard LV - RB,,,,,,,,
Sun 10:00 am @Car,,,,,,,,
No new player Notes,$-,,,,,,,
Jacob Hollister Sea - TE,,,,,,,,
Sun 10:00 am @Atl,,,,,,,,
Player Note,$-,,,,,,,
Bo Scarbrough Det - RB,,,,,,,,
Q,,,,,,,,
Sun 10:00 am vs Chi,,,,,,,,
No new player Notes,$-,,,,,,,
Adam Humphries Ten - WR,,,,,,,,
Mon 7:10 pm @Den,,,,,,,,
No new player Notes,$-,,,,,,,
Josh Gordon Sea - WR,,,,,,,,
NA,,,,,,,,
Sun 10:00 am @Atl,,,,,,,,
Player Note,$-,,,,,,,
Lamar Miller NE - RB,,,,,,,,
PUP-P,,,,,,,,
Sun 10:00 am vs Mia,,,,,,,,
Player Note,$-,,,,,,,
Phillip Dorsett II Sea - WR,,,,,,,,
Q,,,,,,,,
Sun 10:00 am @Atl,,,,,,,,
No new player Notes,$-,,,,,,,
Trey Burton Ind - TE,,,,,,,,
Sun 10:00 am @Jax,,,,,,,,
Player Note,$-,,,,,,,
Jalen Hurd SF - WR,,,,,,,,
IR,,,,,,,,
Sun 1:25 pm vs Ari,,,,,,,,
No new player Notes,$-,,,,,,,
Delanie Walker Ten - TE,,,,,,,,
Mon 7:10 pm @Den,,,,,,,,
No new player Notes,$-,,,,,,,
Willie Snead IV Bal - WR,,,,,,,,
Sun 10:00 am vs Cle,,,,,,,,
No new player Notes,$-,,,,,,,
Mike Boone Min - RB,,,,,,,,
Sun 10:00 am vs GB,,,,,,,,
Player Note,$-,,,,,,,
Keke Coutee Hou - WR,,,,,,,,
Thu 5:20 pm @KC,,,,,,,,
No new player Notes,$-,,,,,,,
Jakobi Meyers NE - WR,,,,,,,,
Sun 10:00 am vs Mia,,,,,,,,
Player Note,$-,,,,,,,
Jordan Akins Hou - TE,,,,,,,,
Thu 5:20 pm @KC,,,,,,,,
No new player Notes,$-,,,,,,,
Steven Sims Jr. Was - WR,,,,,,,,
Sun 10:00 am vs Phi,,,,,,,,
Player Note,$-,,,,,,,
Keelan Cole Jax - WR,,,,,,,,
Sun 10:00 am vs Ind,,,,,,,,
No new player Notes,$-,,,,,,,
Darren Fells Hou - TE,,,,,,,,
Thu 5:20 pm @KC,,,,,,,,
No new player Notes,$-,,,,,,,
Demaryius Thomas NYJ - WR,,,,,,,,
NA,,,,,,,,
Sun 10:00 am @Buf,,,,,,,,
No new player Notes,$-,,,,,,,
Patrick Laird Mia - RB,,,,,,,,
Q,,,,,,,,
Sun 10:00 am @NE,,,,,,,,
No new player Notes,$-,,,,,,,
Josh Reynolds LAR - WR,,,,,,,,
Sun 5:20 pm vs Dal,,,,,,,,
No new player Notes,$-,,,,,,,
Jordan Wilkins Ind - RB,,,,,,,,
Sun 10:00 am @Jax,,,,,,,,
No new player Notes,$-,,,,,,,
T.J. Yeldon Buf - RB,,,,,,,,
Sun 10:00 am vs NYJ,,,,,,,,
Player Note,$-,,,,,,,
Mike Davis Car - RB,,,,,,,,
Sun 10:00 am vs LV,,,,,,,,
No new player Notes,$-,,,,,,,
Greg Ward Phi - WR,,,,,,,,
Sun 10:00 am @Was,,,,,,,,
No new player Notes,$-,,,,,,,
Jason Witten LV - TE,,,,,,,,
Sun 10:00 am @Car,,,,,,,,
No new player Notes,$-,,,,,,,
Brian Hill Atl - RB,,,,,,,,
Sun 10:00 am vs Sea,,,,,,,,
No new player Notes,$-,,,,,,,
Wayne Gallman Jr. NYG - RB,,,,,,,,
Mon 4:15 pm vs Pit,,,,,,,,
Player Note,$-,,,,,,,
Josh Oliver Jax - TE,,,,,,,,
IR,,,,,,,,
Sun 10:00 am vs Ind,,,,,,,,
Player Note,$-,,,,,,,
Myles Gaskin Mia - RB,,,,,,,,
Sun 10:00 am @NE,,,,,,,,
No new player Notes,$-,,,,,,,
Ted Ginn Jr. Chi - WR,,,,,,,,
Sun 10:00 am @Det,,,,,,,,
No new player Notes,$-,,,,,,,
Dare Ogunbowale TB - RB,,,,,,,,
Sun 1:25 pm @NO,,,,,,,,
No new player Notes,$-,,,,,,,
Cole Kmet Chi - TE,,,,,,,,
Sun 10:00 am @Det,,,,,,,,
No new player Notes,$-,,,,,,,
Travis Homer Sea - RB,,,,,,,,
Sun 10:00 am @Atl,,,,,,,,
No new player Notes,$-,,,,,,,
Reggie Bonnafon Car - RB,,,,,,,,
Sun 10:00 am vs LV,,,,,,,,
No new player Notes,$-,,,,,,,
Justin Watson TB - WR,,,,,,,,
Sun 1:25 pm @NO,,,,,,,,
Player Note,$-,,,,,,,
Tyler Eifert Jax - TE,,,,,,,,
Sun 10:00 am vs Ind,,,,,,,,
No new player Notes,$-,,,,,,,
Dante Pettis SF - WR,,,,,,,,
Sun 1:25 pm vs Ari,,,,,,,,
Player Note,$-,,,,,,,
Paul Richardson Jr. Was - WR,,,,,,,,
NA,,,,,,,,
Sun 10:00 am vs Phi,,,,,,,,
No new player Notes,$-,,,,,,,
Zay Jones LV - WR,,,,,,,,
Sun 10:00 am @Car,,,,,,,,
No new player Notes,$-,,,,,,,
KeeSean Johnson Ari - WR,,,,,,,,
Sun 1:25 pm @SF,,,,,,,,
Player Note,$-,,,,,,,
Qadree Ollison Atl - RB,,,,,,,,
Q,,,,,,,,
Sun 10:00 am vs Sea,,,,,,,,
No new player Notes,$-,,,,,,,
Andy Dalton Dal - QB,,,,,,,,
Sun 5:20 pm @LAR,,,,,,,,
Player Note,$-,,,,,,,
Kalen Ballage NYJ - RB,,,,,,,,
Sun 10:00 am @Buf,,,,,,,,
New Player Note,$-,,,,,,,
KJ Hamler Den - WR,,,,,,,,
Q,,,,,,,,
Mon 7:10 pm vs Ten,,,,,,,,
No new player Notes,$-,,,,,,,
Ty Johnson Det - RB,,,,,,,,
Sun 10:00 am vs Chi,,,,,,,,
No new player Notes,$-,,,,,,,
Ty Montgomery NO - RB,,,,,,,,
Sun 1:25 pm vs TB,,,,,,,,
New Player Note,$-,,,,,,,
Frank Gore NYJ - RB,,,,,,,,
Sun 10:00 am @Buf,,,,,,,,
Player Note,$-,,,,,,,
Jeff Wilson Jr. SF - RB,,,,,,,,
Sun 1:25 pm vs Ari,,,,,,,,
No new player Notes,$-,,,,,,,
Dexter Williams GB - RB,,,,,,,,
Sun 10:00 am @Min,,,,,,,,
